{
  "site_width": "1180px",
  "site_boxed_inner_width": "1260px",
  "builder_header_desktop": {
    "order": ["top", "mid", "bottom"],
    "top": {
      "scheme": "dark",
      "left": {
        "items": ["top_menu"]
      },
      "right": {
        "layout": "normal",
        "items": ["search", "social_icons", "divider1", "user"]
      }
    },
    "mid": {
      "left": {
        "layout": "normal",
        "items": ["logo"]
      },
      "center": {
        "layout": "grow",
        "items": ["main_menu"]
      },
      "right": {
        "layout": "normal"
      }
    },
    "bottom": {
      "layout": "stretched",
      "left": {
        "layout": "normal"
      },
      "center": {
        "layout": "grow"
      },
      "right": {
        "layout": "normal"
      }
    }
  },
  "builder_header_mobile": {
    "mobile": {
      "left": {
        "items": ["mobile_logo"]
      },
      "right": {
        "layout": "normal",
        "items": ["search", "menu_handler"]
      }
    }
  },
  "builder_drawer": {
    "drawer": {
      "left": {
        "items": ["mobile_logo", "badge_menu"]
      },
      "center": {
        "layout": "grow",
        "align": "left",
        "items": ["mobile_menu"]
      },
      "right": {
        "align": "left",
        "items": ["footer_copyright", "social_icons", "button1"]
      }
    }
  },
  "header_top_bar_style": {
    "background": {
      "color": "#141414",
      "image": {
        "type": "cover"
      }
    }
  },
  "header_top_height": "40",
  "header_mid_bar_style": {
    "padding": {
      "bottom": "10px"
    },
    "border": {
      "bottom": {
        "style": "none"
      }
    },
    "background": {
      "gradient": {
        "color": "#ecac2e",
        "sec_color": "#d89004",
        "angle": "180"
      },
      "color": "#f7d513",
      "image": {
        "img": "%attachment_url%ak-media-header-bottom-pattern%attachment_url%",
        "type": "bottom-repeat"
      }
    }
  },
  "header_mid_height": "120",
  "header_bottom_height": "40",
  "logo_type": "image",
  "logo_image": "%attachment_url%ak-newsy-logo%attachment_url%",
  "logo2x_image": "%attachment_url%ak-newsy-logo2x%attachment_url%",
  "logo_dark_image": "%attachment_url%ak-newsy-logo-dark%attachment_url%",
  "logo2x_dark_image": "%attachment_url%ak-newsy-logo-dark2x%attachment_url%",
  "mobile_logo_type": "image",
  "mobile_logo_image": "%attachment_url%ak-newsy-logo%attachment_url%",
  "mobile_logo2x_image": "%attachment_url%ak-newsy-logo2x%attachment_url%",
  "mobile_logo_dark_image": "%attachment_url%ak-newsy-logo-dark%attachment_url%",
  "mobile_logo2x_dark_image": "%attachment_url%ak-newsy-logo-dark2x%attachment_url%",
  "main_menu_more_enabled": "active",
  "main_menu_style": "style-4",
  "typ_top_bar_date": {
    "size": "12px",
    "line-height": "35px"
  },
  "header_social_icons": "facebook,twitter,google,youtube,instagram,soundcloud,pinterest,rss",
  "header_social_icons_style": "colored",
  "search_button_icon_color": "#191919",
  "search_button_hover_bg_color": "rgba(0,0,0,0.1)",
  "header_button1": {
    "text": "Compose",
    "link": "/",
    "style": "rounded",
    "bg_color": "#0a0a0a",
    "bg_hover_color": "#111111",
    "color": "#ffffff",
    "hover_color": "#ffffff"
  },
  "header_ad1": {
    "type": "image",
    "image": "%%ak-ad-970X90%%"
  },
  "builder_footer": {
    "order": ["top", "mid", "bottom"],
    "top": {
      "center": {
        "align": "left"
      }
    },
    "mid": {
      "scheme": "dark",
      "left": {
        "layout": "normal"
      },
      "center": {
        "layout": "grow",
        "items": ["footer_widgets"]
      },
      "right": {
        "layout": "normal"
      }
    },
    "bottom": {
      "scheme": "dark",
      "layout": "boxed",
      "left": {
        "items": ["footer_menu"]
      },
      "right": {
        "layout": "normal",
        "items": ["footer_social_icons"]
      }
    }
  },
  "footer_bg_color": "#242424",
  "footer_top_height": "350",
  "footer_mid_bar_style": {
    "border": {
      "top": { "style": "solid", "width": "0px" },
      "bottom": { "style": "none" }
    },
    "background": {
      "image": {
        "img": "%attachment_url%ak-media-footer-top-pattern%attachment_url%",
        "type": "top-repeat"
      }
    }
  },
  "footer_mid_height": "450",
  "footer_bottom_bar_style": {
    "border": {
      "top": {
        "style": "solid",
        "width": "1px",
        "color": "rgba(188,188,188,0.12)"
      },
      "bottom": {
        "style": "none"
      }
    }
  },
  "footer_bottom_height": "70",
  "footer_menu_style": "style-2",
  "footer_logo_image": "%attachment_url%ak-newsy-logo%attachment_url%",
  "footer_logo2x_image": "%attachment_url%ak-newsy-logo2x%attachment_url%",
  "footer_logo_dark_image": "%attachment_url%ak-newsy-logo-dark%attachment_url%",
  "footer_logo2x_dark_image": "%attachment_url%ak-newsy-logo-dark2x%attachment_url%",
  "footer_copyright": "\u00a9 #year# <a href=\"#siteurl#\" title=\"#title#\">#sitename#</a> - #title# theme by <a href=\"http://akbilisim.com\" title=\"akbilisim\">akbilisim</a>.",
  "category_header_style": "style-3",
  "post_template": "style-7",
  "post_layout": "style-1",
  "post_primary_sidebar": "post-sidebar",
  "post_social_share_sites": "facebook,twitter,google_plus,pinterest,reddit,linkedin,tumblr,telegram,stumbleupon,vk,whatsapp,viber,email",
  "post_social_share_style": "style-5",
  "post_social_share_bottom": "hide",
  "post_newsletter": {
    "color": "#fdc316",
    "title": "Subscribe to our newsletter",
    "icon": "fa-envelope-o",
    "msg": "Sign up here to get the latest news, updates and special offers delivered directly to your inbox.\n",
    "mailchimp_url": "https://akbilisim.us16.list-manage.com/subscribe/post?u=5472afed7f687968b03e85a2c&id=e558fd5037",
    "style": "style-2",
    "text_align": "center"
  },
  "post_related_type": "infinity",
  "post_comments_form_remove_url": "yes",
  "site_highlight_color": "#fdc316",
  "site_block_color": "#8b39b8",
  "module_title_color": "#8b39b8",
  "typo_body_font": {
    "family": "Verdana",
    "variant": "400"
  },
  "typo_heading": {
    "family": "Montserrat",
    "variant": "600"
  },
  "typ_header_menu": {
    "family": "Montserrat",
    "variant": "600",
    "size": "16px",
    "line-height": "40px",
    "transform": "capitalize"
  },
  "main_menu_a_hover_color": "#000000",
  "main_menu_a_hover_bg_color": "rgba(0,0,0,0.05)",
  "main_menu_a_active_bg_color": "rgba(0,0,0,0.05)",
  "typ_top_bar_menu": {
    "family": "Montserrat",
    "variant": "600",
    "subset": "latin"
  },
  "footer_menu_typo": {
    "line-height": "70px"
  },
  "typo_single_post_title": {
    "family": "Montserrat",
    "variant": "700",
    "size": "38px"
  },
  "typo_single_post_summary": {
    "size": "20px",
    "line-height": "26px"
  },
  "typo_single_post_content": {
    "family": "Montserrat",
    "variant": "400",
    "subset": "latin",
    "size": "16px"
  },
  "typo_general_block_header_title": {
    "family": "Montserrat",
    "variant": "600",
    "subset": "latin",
    "transform": "uppercase"
  },
  "typo_general_block_header_tabs": {
    "family": "Roboto",
    "subset": "latin"
  },
  "typo_title": {
    "family": "Montserrat",
    "variant": "700",
    "subset": "latin",
    "size": "18px"
  },
  "typo_summary": {
    "family": "Verdana",
    "variant": "500",
    "color": "#a3a3a3"
  },
  "typo_meta_author": {
    "color": "#1f1f1f"
  },
  "block_header_style": "style-9",
  "block_loader_type": "circle",
  "block_load_more_width": "100",
  "block_load_more_bg_color": "#ffffff",
  "block_load_more_text_color": "#3a3a3a",
  "block_load_more_border_color": "#d3d3d3",
  "block_load_more_hover_bg_color": "#545454",
  "block_load_more_hover_text_color": "#ffffff",
  "block_load_more_hover_border_color": "#444444",
  "module_1_parts": {
    "show_author_icon": "hide",
    "show_author": "hide"
  },
  "module_1_large_parts": {
    "show_author_icon": "hide"
  },
  "module_1_medium_parts": {
    "show_author_icon": "hide",
    "show_category": "hide"
  },
  "module_1_small_parts": {
    "show_author_icon": "hide",
    "show_author": "hide",
    "date_format": "ago"
  },
  "module_2_parts": {
    "show_author_icon": "hide",
    "show_category_type": "inline"
  },
  "module_2_wide_parts": {
    "show_author_icon": "hide"
  },
  "module_grid_big_parts": {
    "show_author_icon": "hide",
    "show_author": "hide",
    "show_category_type": "inline_badge"
  },
  "module_grid_small_parts": {
    "show_author_icon": "hide",
    "show_author": "hide",
    "show_category_type": "inline_badge"
  },
  "module_grid_tall_parts": {
    "show_author_icon": "hide",
    "show_author": "hide",
    "show_category_type": "inline_badge"
  },
  "module_grid_wide_parts": {
    "show_author_icon": "hide",
    "show_author": "hide",
    "show_category_type": "inline_badge"
  },
  "module_grid_wide_big_parts": {
    "show_author_icon": "hide",
    "show_author": "hide",
    "show_category_type": "inline_badge"
  },
  "cat_badge_style": {
    "border-radius": {
      "top-left": "3px",
      "top-right": "3px",
      "bottom-left": "3px",
      "bottom-right": "3px"
    },
    "background": {
      "color": "#f7d513"
    }
  },
  "typo_meta_category": {
    "transform": "uppercase"
  },
  "typo_cat_badge": {
    "color": "#0a0a0a"
  },
  "module_featured_meta_style": {
    "margin": {
      "right": "10px",
      "bottom": "10px"
    },
    "border-radius": {
      "top-left": "7px",
      "top-right": "7px",
      "bottom-left": "7px",
      "bottom-right": "7px"
    }
  }
}
