{
  "site_layout_style": "boxed",
  "site_width": "1180px",
  "site_boxed_inner_width": "1220px",
  "site_bg_image": {
    "img": "%attachment_url%ak-media-main-bg%attachment_url%",
    "type": "cover"
  },
  "builder_header_desktop": {
    "order": ["top", "mid", "bottom"],
    "top": {
      "scheme": "dark",
      "left": {
        "layout": "normal",
        "align": "left",
        "items": ["top_menu", "divider1", "date"]
      },
      "center": { "layout": "normal", "align": "center" },
      "right": {
        "layout": "grow",
        "align": "right",
        "items": ["search_form", "social_icons", "dark_mode"]
      }
    },
    "mid": {
      "scheme": "dark",
      "left": { "layout": "normal", "align": "left", "items": ["logo"] },
      "center": { "layout": "normal", "align": "left" },
      "right": { "layout": "grow", "align": "right", "items": ["ad1"] }
    },
    "bottom": {
      "scheme": "dark",
      "left": { "layout": "grow", "align": "left", "items": ["main_menu"] },
      "center": { "layout": "normal", "align": "center" },
      "right": { "layout": "normal", "align": "right", "items": ["user"] }
    }
  },
  "builder_header_mobile": {
    "order": ["mobile"],
    "mobile": {
      "left": { "layout": "grow", "align": "left", "items": ["menu_handler"] },
      "center": {
        "layout": "grow",
        "align": "center",
        "items": ["mobile_logo"]
      },
      "right": { "layout": "grow", "align": "right", "items": ["search"] }
    }
  },
  "builder_header_sticky": {
    "order": ["sticky"],
    "sticky": {
      "scheme": "dark",
      "left": { "layout": "grow", "align": "left", "items": ["main_menu"] },
      "center": { "layout": "normal", "align": "left", "items": ["main_menu"] },
      "right": { "layout": "normal", "align": "right", "items": ["search"] }
    }
  },
  "builder_drawer": {
    "order": ["drawer"],
    "drawer": {
      "left": { "layout": "grow", "align": "left", "items": ["mobile_logo"] },
      "center": {
        "layout": "normal",
        "align": "center",
        "items": ["search_form", "mobile_menu"]
      },
      "right": { "layout": "grow", "align": "right", "items": ["social_icons"] }
    }
  },
  "header_style": "style-4",
  "header_bg_color": "#8c0000",
  "header_top_bar_style": {
    "background": {
      "color": "rgba(0,0,0,0.1)"
    }
  },
  "header_mid_bar_style": {
    "background": {
      "gradient": {
        "color": "#666666",
        "sec_color": "#0a0a0a",
        "angle": "180"
      },
      "color": "#8c0000"
    }
  },
  "header_mid_height": "120",
  "header_bottom_bar_style": {
    "background": {
      "color": "#222222"
    }
  },
  "header_sticky_bar_style": {
    "border": {
      "bottom": {
        "style": "solid",
        "width": "3px",
        "color": "#f70d28"
      }
    }
  },
  "header_sticky_height": "56",
  "logo_type": "image",
  "logo_image": "%attachment_url%ak-newsy-logo%attachment_url%",
  "logo2x_image": "%attachment_url%ak-newsy-logo2x%attachment_url%",
  "logo_dark_image": "%attachment_url%ak-newsy-logo-dark%attachment_url%",
  "logo2x_dark_image": "%attachment_url%ak-newsy-logo-dark2x%attachment_url%",
  "sticky_logo_type": "image",
  "sticky_logo_image": "%attachment_url%ak-newsy-logo%attachment_url%",
  "sticky_logo2x_image": "%attachment_url%ak-newsy-logo2x%attachment_url%",
  "sticky_logo_dark_image": "%attachment_url%ak-newsy-logo-dark%attachment_url%",
  "sticky_logo2x_dark_image": "%attachment_url%ak-newsy-logo-dark2x%attachment_url%",
  "mobile_logo_type": "image",
  "mobile_logo_image": "%attachment_url%ak-newsy-logo%attachment_url%",
  "mobile_logo2x_image": "%attachment_url%ak-newsy-logo2x%attachment_url%",
  "mobile_logo_dark_image": "%attachment_url%ak-newsy-logo-dark%attachment_url%",
  "mobile_logo2x_dark_image": "%attachment_url%ak-newsy-logo-dark2x%attachment_url%",
  "logo_text": "newsy",
  "site_main_logo_width": "250",
  "typ_header_logo": {
    "family": "Montserrat",
    "subset": "latin",
    "size": "36px"
  },
  "main_menu_style": "style-4",
  "typ_top_bar_date": {
    "color": "#ffffff"
  },
  "header_social_icons": "facebook,twitter,youtube,instagram,soundcloud",
  "menu_handler": "#ffffff",
  "header_ad1": {
    "type": "image",
    "image": "%%ak-ad-728X90%%"
  },
  "builder_footer": {
    "order": ["top", "mid", "bottom"],
    "top": {
      "left": { "layout": "grow", "align": "left" },
      "center": { "layout": "normal", "align": "center" },
      "right": { "layout": "grow", "align": "right" }
    },
    "mid": {
      "scheme": "dark",
      "left": { "layout": "normal", "align": "left" },
      "center": {
        "layout": "grow",
        "align": "center",
        "items": ["footer_widgets"]
      },
      "right": { "layout": "normal", "align": "right" }
    },
    "bottom": {
      "scheme": "dark",
      "left": {
        "layout": "grow",
        "align": "left",
        "items": ["footer_copyright"]
      },
      "center": { "layout": "normal", "align": "center" },
      "right": { "layout": "grow", "align": "right", "items": ["footer_menu"] }
    }
  },
  "footer_mid_height": "450",
  "footer_menu_style": "style-6",
  "footer_logo_image": "%attachment_url%ak-newsy-logo%attachment_url%",
  "footer_logo2x_image": "%attachment_url%ak-newsy-logo2x%attachment_url%",
  "footer_logo_dark_image": "%attachment_url%ak-newsy-logo-dark%attachment_url%",
  "footer_logo2x_dark_image": "%attachment_url%ak-newsy-logo-dark2x%attachment_url%",
  "footer_copyright": "\u00a9 #year# <a href=\"#siteurl#\" title=\"#title#\">#sitename#</a> - #title#  theme by <a href=\"http://akbilisim.com\" title=\"akbilisim\">akbilisim</a>.",
  "category_loop": "newsy_list_1_wide",
  "post_template": "style-3",
  "post_meta": "style-2",
  "post_social_share_sites": "facebook,twitter,pinterest,reddit,whatsapp",
  "post_social_share_style": "style-5",
  "post_social_share_count": "total",
  "post_voting_up_icon": "fa-smile-o",
  "post_voting_down_icon": "fa-frown-o",
  "views_ranking": [
    {
      "view": "1",
      "icon": "akfi-trending_up"
    },
    {
      "view": "500",
      "icon": "akfi-fire",
      "color": "#edaa02"
    },
    {
      "view": "1000",
      "icon": "akfi-power",
      "color": "#d88531"
    },
    {
      "view": "2000",
      "icon": "fa-rocket",
      "color": "#c44b2d"
    },
    {
      "view": "3500",
      "icon": "akfi-rocket",
      "color": "#d40808"
    }
  ],
  "post_comments_form_remove_url": "yes",
  "home_layout": "style-1",
  "page_layout": "style-1",
  "bbpress_layout": "style-1",
  "bbpress_primary_sidebar": "forumsidebar",
  "site_highlight_color": "#8c0000",
  "site_block_color": "#8c0000",
  "module_title_color": "#f70d28",
  "typo_body_font": {
    "family": "Roboto",
    "variant": "400",
    "subset": "latin"
  },
  "typo_heading": {
    "family": "Roboto",
    "variant": "500",
    "subset": "latin"
  },
  "typo_heading_h1": {
    "size": "28px"
  },
  "typo_heading_h2": {
    "size": "24px"
  },
  "typo_heading_h3": {
    "size": "20px"
  },
  "typo_heading_h4": {
    "size": "18px"
  },
  "typo_heading_h5": {
    "size": "16px"
  },
  "typo_heading_h6": {
    "size": "14px"
  },
  "typ_header_menu": {
    "family": "Roboto",
    "variant": "700",
    "subset": "latin",
    "size": "15px",
    "line-height": "50px",
    "transform": "uppercase"
  },
  "main_menu_a_hover_bg_color": "rgba(255,255,255,0.15)",
  "typ_header_sub_menu": {
    "family": "Roboto",
    "size": "14px",
    "transform": "none"
  },
  "typ_top_bar_menu": {
    "color": "#ffffff"
  },
  "archive_header_name": {
    "family": "Roboto",
    "variant": "700",
    "size": "28px"
  },
  "typo_single_post_title": {
    "family": "Roboto",
    "variant": "700",
    "subset": "latin",
    "size": "36px",
    "line-height": "40px"
  },
  "typo_single_post_summary": {
    "family": "Roboto",
    "variant": "700",
    "subset": "latin",
    "size": "22px",
    "line-height": "28px"
  },
  "typo_single_post_content": {
    "family": "Roboto",
    "variant": "400",
    "subset": "latin",
    "size": "17px",
    "line-height": "1.8em",
    "letter-spacing": "-0.004em"
  },
  "typo_title": {
    "family": "Roboto",
    "variant": "700",
    "subset": "latin",
    "size": "18px"
  },
  "typo_summary": {
    "family": "Roboto",
    "variant": "400",
    "subset": "latin",
    "size": "15px",
    "color": "#969696"
  },
  "typo_meta": {
    "family": "Roboto",
    "variant": "400",
    "subset": "latin",
    "size": "12px",
    "line-height": "18px",
    "transform": "uppercase",
    "color": "#969696"
  },
  "typo_meta_author": {
    "size": "12px",
    "color": "#969696"
  },
  "block_header_style": "style-7",
  "module_1_parts": {
    "show_author_icon": "hide"
  },
  "module_1_large_parts": {
    "show_author_icon": "hide",
    "show_category_type": "inline_badge",
    "category_limit": "5"
  },
  "module_1_medium_parts": {
    "show_author_icon": "hide",
    "show_category_type": "inline_badge",
    "category_limit": "5"
  },
  "module_1_small_parts": {
    "show_author_icon": "hide",
    "show_author": "hide",
    "date_format": "ago"
  },
  "module_1_small_square_parts": {
    "show_author_icon": "hide"
  },
  "module_1_wide_parts": {
    "show_author_icon": "hide",
    "show_category_type": "inline_badge",
    "category_limit": "5"
  },
  "module_2_parts": {
    "show_excerpt": "hide",
    "show_author_icon": "hide"
  },
  "module_2_wide_parts": {
    "show_excerpt": "hide",
    "show_author_icon": "hide",
    "show_category_type": "badge"
  },
  "module_2_tall_parts": {
    "show_excerpt": "hide",
    "show_author_icon": "hide"
  },
  "module_3_parts": {
    "show_author_icon": "hide"
  },
  "module_4_parts": {
    "show_author_icon": "hide"
  },
  "module_5_parts": {
    "show_author_icon": "hide"
  },
  "module_6_parts": {
    "show_author_icon": "hide"
  },
  "module_7_parts": {
    "show_author_icon": "hide"
  },
  "module_8_parts": {
    "show_author_icon": "hide"
  },
  "module_9_parts": {
    "show_author_icon": "hide"
  },
  "module_10_parts": {
    "show_author_icon": "hide"
  },
  "module_11_parts": {
    "show_author_icon": "hide"
  },
  "module_grid_big_parts": {
    "show_author_icon": "hide",
    "show_author": "hide",
    "date_format": "ago",
    "show_category_type": "inline_badge"
  },
  "module_grid_small_parts": {
    "show_author_icon": "hide",
    "show_author": "hide",
    "date_format": "ago",
    "show_category_type": "inline_badge"
  },
  "module_grid_tall_parts": {
    "show_author_icon": "hide",
    "date_format": "ago",
    "show_category_type": "inline_badge"
  },
  "module_grid_wide_parts": {
    "show_author_icon": "hide",
    "date_format": "ago",
    "show_category_type": "inline_badge"
  },
  "module_grid_wide_big_parts": {
    "show_author_icon": "hide",
    "date_format": "ago",
    "show_category_type": "inline_badge"
  },
  "typo_cat_badge": {
    "line-height": "16px"
  }
}
