{
  "primary-sidebar": {
    "newsy_list_1_small-2": {
      "title": "Up Next",
      "title_url": "",
      "title_size": "",
      "title_line_height": "",
      "icon": "",
      "header_style": "",
      "header_bg_color": "",
      "header_line_color": "",
      "header_title_bg_color": "",
      "header_title_color": "",
      "header_icon_color": "",
      "block_accent_color": "",
      "category": "",
      "count": "6",
      "offset": "",
      "order_by": "latest",
      "advanced_filters_heading": "",
      "time_filter": "",
      "post_type": "",
      "post": "",
      "author": "",
      "taxonomy": "",
      "taxonomy_relation": "",
      "pagination": "",
      "infinity_break_count": "3",
      "show_pagination_label": "",
      "tabs": "",
      "tabs_cat_filter": "",
      "tabs_tax_filter": "",
      "tabs_order_by_filter": "",
      "tabs_all_text": "All",
      "custom_part_heading": "",
      "custom_enabled": "",
      "custom_parts": {
        "title_length": "",
        "show_excerpt": "",
        "excerpt_length": "",
        "show_meta": "",
        "show_author_icon": "",
        "show_author": "",
        "show_comment_count": "",
        "show_share_count": "",
        "show_view_count": "",
        "show_date": "",
        "date_format": "",
        "custom_date_format": "",
        "show_category": "",
        "show_category_type": "",
        "category_limit": "",
        "show_format_icon": "",
        "show_badge_icon": ""
      },
      "block_extra_classes": "",
      "block_id": "",
      "item_margin": "30",
      "numeric_items_style": ""
    },
    "newsy_video_playlist-2": {
      "layout": "",
      "scheme": "",
      "color": "#1f71c4",
      "title": "Popular Playlist",
      "title_url": "",
      "title_size": "",
      "title_line_height": "",
      "icon": "",
      "header_style": "",
      "header_bg_color": "",
      "header_line_color": "",
      "header_title_bg_color": "",
      "header_title_color": "",
      "header_icon_color": "",
      "block_accent_color": "",
      "category": "",
      "count": "10",
      "offset": "",
      "order_by": "popular_week",
      "advanced_filters_heading": "",
      "time_filter": "",
      "post_type": "",
      "post": "",
      "author": "",
      "taxonomy": "",
      "taxonomy_relation": "",
      "block_extra_classes": "",
      "block_id": "",
      "item_margin": "30"
    }
  },
  "secondary-sidebar": {
    "newsy_list_10-4": {
      "title": "HOTTEST STUFF",
      "title_url": "",
      "icon": "",
      "header_style": "style-11",
      "header_bg_color": "",
      "header_line_color": "",
      "header_title_bg_color": "",
      "header_title_color": "",
      "header_icon_color": "",
      "block_accent_color": "",
      "category": "",
      "count": "7",
      "offset": "",
      "order_by": "latest",
      "advanced_filters_heading": "",
      "time_filter": "",
      "post_type": "",
      "post": "",
      "author": "",
      "taxonomy": "",
      "taxonomy_relation": "",
      "pagination": "",
      "infinity_break_count": "3",
      "show_pagination_label": "",
      "tabs": "",
      "tabs_cat_filter": "",
      "tabs_tax_filter": "",
      "tabs_order_by_filter": "",
      "tabs_all_text": "All",
      "custom_part_heading": "",
      "custom_enabled": "yes",
      "custom_parts": {
        "title_length": "",
        "show_excerpt": "hide",
        "excerpt_length": "",
        "show_meta": "hide",
        "meta_items": "",
        "show_author_icon": "",
        "show_author": "",
        "show_comment_count": "",
        "show_share_count": "",
        "show_view_count": "",
        "show_date": "",
        "date_format": "",
        "custom_date_format": "",
        "show_category": "hide",
        "show_category_type": "",
        "category_limit": "",
        "show_format_icon": "",
        "show_badge_icon": ""
      },
      "block_extra_classes": "",
      "block_id": "",
      "item_margin": "30",
      "numeric_items_style": ""
    },
    "newsy_social_counter-4": {
      "social_sites": "facebook,twitter,google,youtube,instagram,soundcloud",
      "style": "style-4",
      "color_style": "colored",
      "title": "FOLLOW US",
      "title_url": "",
      "icon": "",
      "header_style": "style-11",
      "header_bg_color": "",
      "header_line_color": "",
      "header_title_bg_color": "",
      "header_title_color": "",
      "header_icon_color": "",
      "block_accent_color": "",
      "block_extra_classes": "",
      "block_id": "",
      "item_margin": "30"
    }
  },
  "footer-1": {
    "newsy_mailchimp-4": {
      "help": "",
      "color": "",
      "title": "",
      "icon": "",
      "msg": "",
      "image": "",
      "mailchimp_url": "https://akbilisim.us16.list-manage.com/subscribe/post?u=5472afed7f687968b03e85a2c&id=e558fd5037",
      "input_alt": "",
      "style": "style-2",
      "text_align": "",
      "form_layout": "Horizontal",
      "block_extra_classes": ""
    }
  },
  "footer-3": {
    "newsy_popular_categories-4": { "title": "Categories", "count": "7" }
  }
}
